id,xmin,xmax,ymin,ymax,Demand,Avg_Income,POI_area,Charging_Spots_area
20,91825.46437,92025.46437,439409.1319,439609.1319,47,17,0,0
21,92025.46437,92225.46437,439409.1319,439609.1319,38,40,0,0
22,92225.46437,92425.46437,439409.1319,439609.1319,19,31,0,0
23,92425.46437,92625.46437,439409.1319,439609.1319,11,41,1,0
24,92625.46437,92825.46437,439409.1319,439609.1319,1,53,0,0
25,92825.46437,93025.46437,439409.1319,439609.1319,22,17,0,0
26,93025.46437,93225.46437,439409.1319,439609.1319,16,25,0,0
27,93225.46437,93425.46437,439409.1319,439609.1319,31,36,0,0
28,93425.46437,93625.46437,439409.1319,439609.1319,8,29,0,0
29,93625.46437,93825.46437,439409.1319,439609.1319,18,22,0,0
63,91425.46437,91625.46437,439209.1319,439409.1319,44,45,0,0
64,91625.46437,91825.46437,439209.1319,439409.1319,31,47,0,0
65,91825.46437,92025.46437,439209.1319,439409.1319,26,23,0,0
66,92025.46437,92225.46437,439209.1319,439409.1319,7,45,0,0
67,92225.46437,92425.46437,439209.1319,439409.1319,36,31,0,0
68,92425.46437,92625.46437,439209.1319,439409.1319,16,46,1,0
69,92625.46437,92825.46437,439209.1319,439409.1319,13,54,0,0
70,92825.46437,93025.46437,439209.1319,439409.1319,33,31,0,0
71,93025.46437,93225.46437,439209.1319,439409.1319,15,29,0,0
72,93225.46437,93425.46437,439209.1319,439409.1319,36,45,0,0
73,93425.46437,93625.46437,439209.1319,439409.1319,3,54,0,0
74,93625.46437,93825.46437,439209.1319,439409.1319,42,56,0,0
75,93825.46437,94025.46437,439209.1319,439409.1319,42,45,0,0
106,91025.46437,91225.46437,439009.1319,439209.1319,23,25,0,0
107,91225.46437,91425.46437,439009.1319,439209.1319,12,39,0,0
108,91425.46437,91625.46437,439009.1319,439209.1319,45,34,0,1
109,91625.46437,91825.46437,439009.1319,439209.1319,47,50,0,0
110,91825.46437,92025.46437,439009.1319,439209.1319,47,54,0,2
111,92025.46437,92225.46437,439009.1319,439209.1319,32,46,0,0
112,92225.46437,92425.46437,439009.1319,439209.1319,17,25,0,0
113,92425.46437,92625.46437,439009.1319,439209.1319,16,43,0,0
114,92625.46437,92825.46437,439009.1319,439209.1319,12,27,0,0
115,92825.46437,93025.46437,439009.1319,439209.1319,20,56,0,0
116,93025.46437,93225.46437,439009.1319,439209.1319,47,35,0,0
117,93225.46437,93425.46437,439009.1319,439209.1319,33,37,0,0
118,93425.46437,93625.46437,439009.1319,439209.1319,39,43,0,0
119,93625.46437,93825.46437,439009.1319,439209.1319,17,25,0,0
120,93825.46437,94025.46437,439009.1319,439209.1319,20,22,0,0
121,94025.46437,94225.46437,439009.1319,439209.1319,43,18,0,0
147,90225.46437,90425.46437,438809.1319,439009.1319,11,29,0,0
149,90625.46437,90825.46437,438809.1319,439009.1319,17,13,0,0
150,90825.46437,91025.46437,438809.1319,439009.1319,38,46,0,0
151,91025.46437,91225.46437,438809.1319,439009.1319,49,42,0,0
152,91225.46437,91425.46437,438809.1319,439009.1319,44,38,0,0
153,91425.46437,91625.46437,438809.1319,439009.1319,31,36,0,0
154,91625.46437,91825.46437,438809.1319,439009.1319,18,23,0,0
155,91825.46437,92025.46437,438809.1319,439009.1319,30,49,1,0
156,92025.46437,92225.46437,438809.1319,439009.1319,23,53,0,0
157,92225.46437,92425.46437,438809.1319,439009.1319,29,51,2,0
158,92425.46437,92625.46437,438809.1319,439009.1319,13,48,2,0
159,92625.46437,92825.46437,438809.1319,439009.1319,20,24,0,0
160,92825.46437,93025.46437,438809.1319,439009.1319,18,40,0,0
161,93025.46437,93225.46437,438809.1319,439009.1319,30,40,0,0
162,93225.46437,93425.46437,438809.1319,439009.1319,41,17,1,0
163,93425.46437,93625.46437,438809.1319,439009.1319,42,40,0,0
164,93625.46437,93825.46437,438809.1319,439009.1319,13,21,0,0
165,93825.46437,94025.46437,438809.1319,439009.1319,29,38,0,0
166,94025.46437,94225.46437,438809.1319,439009.1319,27,38,0,0
167,94225.46437,94425.46437,438809.1319,439009.1319,30,21,0,0
190,89825.46437,90025.46437,438609.1319,438809.1319,17,11,0,0
191,90025.46437,90225.46437,438609.1319,438809.1319,29,42,0,0
192,90225.46437,90425.46437,438609.1319,438809.1319,11,28,0,0
193,90425.46437,90625.46437,438609.1319,438809.1319,19,32,0,0
194,90625.46437,90825.46437,438609.1319,438809.1319,32,34,0,0
195,90825.46437,91025.46437,438609.1319,438809.1319,43,53,0,0
196,91025.46437,91225.46437,438609.1319,438809.1319,44,52,0,0
197,91225.46437,91425.46437,438609.1319,438809.1319,20,39,0,0
198,91425.46437,91625.46437,438609.1319,438809.1319,14,56,0,0
199,91625.46437,91825.46437,438609.1319,438809.1319,25,36,1,0
200,91825.46437,92025.46437,438609.1319,438809.1319,12,22,2,2
201,92025.46437,92225.46437,438609.1319,438809.1319,18,17,0,0
202,92225.46437,92425.46437,438609.1319,438809.1319,38,46,0,0
203,92425.46437,92625.46437,438609.1319,438809.1319,37,28,0,0
204,92625.46437,92825.46437,438609.1319,438809.1319,30,47,1,0
205,92825.46437,93025.46437,438609.1319,438809.1319,18,20,2,0
206,93025.46437,93225.46437,438609.1319,438809.1319,24,42,1,0
207,93225.46437,93425.46437,438609.1319,438809.1319,33,50,0,0
208,93425.46437,93625.46437,438609.1319,438809.1319,22,54,0,0
209,93625.46437,93825.46437,438609.1319,438809.1319,43,18,0,0
210,93825.46437,94025.46437,438609.1319,438809.1319,41,54,0,0
211,94025.46437,94225.46437,438609.1319,438809.1319,19,26,0,0
212,94225.46437,94425.46437,438609.1319,438809.1319,36,28,0,0
213,94425.46437,94625.46437,438609.1319,438809.1319,30,44,0,0
233,89425.46437,89625.46437,438409.1319,438609.1319,43,25,0,0
234,89625.46437,89825.46437,438409.1319,438609.1319,32,29,0,0
235,89825.46437,90025.46437,438409.1319,438609.1319,14,18,0,0
236,90025.46437,90225.46437,438409.1319,438609.1319,31,13,0,0
237,90225.46437,90425.46437,438409.1319,438609.1319,39,13,0,0
238,90425.46437,90625.46437,438409.1319,438609.1319,13,25,0,0
239,90625.46437,90825.46437,438409.1319,438609.1319,31,31,0,0
240,90825.46437,91025.46437,438409.1319,438609.1319,27,34,0,0
241,91025.46437,91225.46437,438409.1319,438609.1319,48,41,1,0
242,91225.46437,91425.46437,438409.1319,438609.1319,46,52,0,0
243,91425.46437,91625.46437,438409.1319,438609.1319,12,33,3,0
244,91625.46437,91825.46437,438409.1319,438609.1319,42,23,0,0
245,91825.46437,92025.46437,438409.1319,438609.1319,50,55,0,0
246,92025.46437,92225.46437,438409.1319,438609.1319,35,40,0,0
247,92225.46437,92425.46437,438409.1319,438609.1319,32,28,0,0
248,92425.46437,92625.46437,438409.1319,438609.1319,31,38,0,0
249,92625.46437,92825.46437,438409.1319,438609.1319,11,48,0,2
250,92825.46437,93025.46437,438409.1319,438609.1319,39,30,0,0
251,93025.46437,93225.46437,438409.1319,438609.1319,30,49,0,0
252,93225.46437,93425.46437,438409.1319,438609.1319,22,21,0,0
253,93425.46437,93625.46437,438409.1319,438609.1319,32,39,0,0
254,93625.46437,93825.46437,438409.1319,438609.1319,34,44,0,0
255,93825.46437,94025.46437,438409.1319,438609.1319,39,41,0,0
256,94025.46437,94225.46437,438409.1319,438609.1319,13,45,0,0
257,94225.46437,94425.46437,438409.1319,438609.1319,43,20,0,0
258,94425.46437,94625.46437,438409.1319,438609.1319,34,24,0,0
259,94625.46437,94825.46437,438409.1319,438609.1319,37,19,0,0
260,94825.46437,95025.46437,438409.1319,438609.1319,38,34,0,0
277,89225.46437,89425.46437,438209.1319,438409.1319,20,26,0,0
278,89425.46437,89625.46437,438209.1319,438409.1319,38,34,0,0
279,89625.46437,89825.46437,438209.1319,438409.1319,40,26,0,0
280,89825.46437,90025.46437,438209.1319,438409.1319,44,48,0,1
281,90025.46437,90225.46437,438209.1319,438409.1319,14,26,0,0
282,90225.46437,90425.46437,438209.1319,438409.1319,27,21,0,0
283,90425.46437,90625.46437,438209.1319,438409.1319,46,26,0,0
284,90625.46437,90825.46437,438209.1319,438409.1319,12,10,0,0
285,90825.46437,91025.46437,438209.1319,438409.1319,20,41,0,0
286,91025.46437,91225.46437,438209.1319,438409.1319,26,55,0,2
287,91225.46437,91425.46437,438209.1319,438409.1319,24,28,0,0
288,91425.46437,91625.46437,438209.1319,438409.1319,47,49,0,0
289,91625.46437,91825.46437,438209.1319,438409.1319,27,40,0,1
290,91825.46437,92025.46437,438209.1319,438409.1319,42,18,1,0
291,92025.46437,92225.46437,438209.1319,438409.1319,19,48,0,0
292,92225.46437,92425.46437,438209.1319,438409.1319,37,51,0,0
293,92425.46437,92625.46437,438209.1319,438409.1319,33,43,0,0
294,92625.46437,92825.46437,438209.1319,438409.1319,50,17,1,0
295,92825.46437,93025.46437,438209.1319,438409.1319,28,34,0,0
296,93025.46437,93225.46437,438209.1319,438409.1319,27,25,0,0
297,93225.46437,93425.46437,438209.1319,438409.1319,14,44,0,0
298,93425.46437,93625.46437,438209.1319,438409.1319,18,46,0,0
299,93625.46437,93825.46437,438209.1319,438409.1319,16,41,0,0
300,93825.46437,94025.46437,438209.1319,438409.1319,15,30,0,0
301,94025.46437,94225.46437,438209.1319,438409.1319,26,24,0,0
302,94225.46437,94425.46437,438209.1319,438409.1319,50,19,1,2
303,94425.46437,94625.46437,438209.1319,438409.1319,35,36,0,1
304,94625.46437,94825.46437,438209.1319,438409.1319,12,29,0,0
305,94825.46437,95025.46437,438209.1319,438409.1319,23,50,0,0
306,95025.46437,95225.46437,438209.1319,438409.1319,34,48,0,0
321,89025.46437,89225.46437,438009.1319,438209.1319,39,13,0,0
322,89225.46437,89425.46437,438009.1319,438209.1319,42,18,1,0
323,89425.46437,89625.46437,438009.1319,438209.1319,41,39,0,0
324,89625.46437,89825.46437,438009.1319,438209.1319,12,21,0,0
325,89825.46437,90025.46437,438009.1319,438209.1319,15,42,0,1
326,90025.46437,90225.46437,438009.1319,438209.1319,47,20,0,0
327,90225.46437,90425.46437,438009.1319,438209.1319,19,42,0,2
328,90425.46437,90625.46437,438009.1319,438209.1319,39,48,0,0
329,90625.46437,90825.46437,438009.1319,438209.1319,12,34,0,0
330,90825.46437,91025.46437,438009.1319,438209.1319,28,41,0,0
331,91025.46437,91225.46437,438009.1319,438209.1319,44,49,1,0
332,91225.46437,91425.46437,438009.1319,438209.1319,46,17,1,0
333,91425.46437,91625.46437,438009.1319,438209.1319,16,30,0,2
334,91625.46437,91825.46437,438009.1319,438209.1319,25,34,0,0
335,91825.46437,92025.46437,438009.1319,438209.1319,34,40,0,0
336,92025.46437,92225.46437,438009.1319,438209.1319,33,36,0,0
337,92225.46437,92425.46437,438009.1319,438209.1319,41,56,2,0
338,92425.46437,92625.46437,438009.1319,438209.1319,43,17,1,0
339,92625.46437,92825.46437,438009.1319,438209.1319,13,28,0,0
340,92825.46437,93025.46437,438009.1319,438209.1319,33,47,0,0
341,93025.46437,93225.46437,438009.1319,438209.1319,16,55,1,0
342,93225.46437,93425.46437,438009.1319,438209.1319,23,25,0,0
343,93425.46437,93625.46437,438009.1319,438209.1319,31,42,0,0
344,93625.46437,93825.46437,438009.1319,438209.1319,33,29,0,0
345,93825.46437,94025.46437,438009.1319,438209.1319,43,27,0,0
346,94025.46437,94225.46437,438009.1319,438209.1319,31,28,1,0
347,94225.46437,94425.46437,438009.1319,438209.1319,11,25,0,0
348,94425.46437,94625.46437,438009.1319,438209.1319,44,18,1,0
349,94625.46437,94825.46437,438009.1319,438209.1319,24,31,2,0
350,94825.46437,95025.46437,438009.1319,438209.1319,12,26,0,0
351,95025.46437,95225.46437,438009.1319,438209.1319,28,38,0,2
352,95225.46437,95425.46437,438009.1319,438209.1319,42,64,0,0
353,95425.46437,95625.46437,438009.1319,438209.1319,43,53,0,0
354,95625.46437,95825.46437,438009.1319,438209.1319,28,41,0,0
367,89225.46437,89425.46437,437809.1319,438009.1319,47,38,0,0
368,89425.46437,89625.46437,437809.1319,438009.1319,39,33,0,0
369,89625.46437,89825.46437,437809.1319,438009.1319,18,22,0,0
370,89825.46437,90025.46437,437809.1319,438009.1319,31,32,1,0
371,90025.46437,90225.46437,437809.1319,438009.1319,19,33,0,0
372,90225.46437,90425.46437,437809.1319,438009.1319,21,38,0,0
373,90425.46437,90625.46437,437809.1319,438009.1319,31,33,0,0
374,90625.46437,90825.46437,437809.1319,438009.1319,21,33,1,0
375,90825.46437,91025.46437,437809.1319,438009.1319,15,53,0,0
376,91025.46437,91225.46437,437809.1319,438009.1319,16,23,1,0
377,91225.46437,91425.46437,437809.1319,438009.1319,13,20,1,0
378,91425.46437,91625.46437,437809.1319,438009.1319,50,22,1,0
379,91625.46437,91825.46437,437809.1319,438009.1319,38,33,1,0
380,91825.46437,92025.46437,437809.1319,438009.1319,50,20,0,2
381,92025.46437,92225.46437,437809.1319,438009.1319,30,49,0,0
382,92225.46437,92425.46437,437809.1319,438009.1319,36,27,0,0
383,92425.46437,92625.46437,437809.1319,438009.1319,15,35,0,0
384,92625.46437,92825.46437,437809.1319,438009.1319,25,52,0,0
385,92825.46437,93025.46437,437809.1319,438009.1319,20,51,0,0
386,93025.46437,93225.46437,437809.1319,438009.1319,28,44,2,0
387,93225.46437,93425.46437,437809.1319,438009.1319,23,44,0,0
388,93425.46437,93625.46437,437809.1319,438009.1319,30,35,0,0
389,93625.46437,93825.46437,437809.1319,438009.1319,47,41,0,0
390,93825.46437,94025.46437,437809.1319,438009.1319,11,40,0,0
391,94025.46437,94225.46437,437809.1319,438009.1319,35,50,0,0
392,94225.46437,94425.46437,437809.1319,438009.1319,16,25,0,0
393,94425.46437,94625.46437,437809.1319,438009.1319,31,42,0,0
394,94625.46437,94825.46437,437809.1319,438009.1319,48,30,1,2
395,94825.46437,95025.46437,437809.1319,438009.1319,32,38,1,0
396,95025.46437,95225.46437,437809.1319,438009.1319,48,25,0,0
397,95225.46437,95425.46437,437809.1319,438009.1319,43,34,0,0
398,95425.46437,95625.46437,437809.1319,438009.1319,39,55,0,0
399,95625.46437,95825.46437,437809.1319,438009.1319,38,32,0,0
400,95825.46437,96025.46437,437809.1319,438009.1319,21,56,0,0
401,96025.46437,96225.46437,437809.1319,438009.1319,25,28,0,0
402,96225.46437,96425.46437,437809.1319,438009.1319,19,45,0,0
403,96425.46437,96625.46437,437809.1319,438009.1319,3,47,0,0
412,89225.46437,89425.46437,437609.1319,437809.1319,35,15,0,0
413,89425.46437,89625.46437,437609.1319,437809.1319,30,48,0,0
414,89625.46437,89825.46437,437609.1319,437809.1319,39,26,0,0
415,89825.46437,90025.46437,437609.1319,437809.1319,22,29,0,0
416,90025.46437,90225.46437,437609.1319,437809.1319,40,17,0,0
417,90225.46437,90425.46437,437609.1319,437809.1319,48,23,0,0
418,90425.46437,90625.46437,437609.1319,437809.1319,26,12,0,0
419,90625.46437,90825.46437,437609.1319,437809.1319,29,19,0,0
420,90825.46437,91025.46437,437609.1319,437809.1319,15,41,0,0
421,91025.46437,91225.46437,437609.1319,437809.1319,18,37,0,0
422,91225.46437,91425.46437,437609.1319,437809.1319,25,40,0,0
423,91425.46437,91625.46437,437609.1319,437809.1319,22,33,0,0
424,91625.46437,91825.46437,437609.1319,437809.1319,17,54,0,2
425,91825.46437,92025.46437,437609.1319,437809.1319,48,21,1,2
426,92025.46437,92225.46437,437609.1319,437809.1319,50,52,1,1
427,92225.46437,92425.46437,437609.1319,437809.1319,46,24,0,0
428,92425.46437,92625.46437,437609.1319,437809.1319,24,56,0,0
429,92625.46437,92825.46437,437609.1319,437809.1319,36,43,0,0
430,92825.46437,93025.46437,437609.1319,437809.1319,30,41,0,0
431,93025.46437,93225.46437,437609.1319,437809.1319,18,28,1,0
432,93225.46437,93425.46437,437609.1319,437809.1319,13,40,0,0
433,93425.46437,93625.46437,437609.1319,437809.1319,16,38,1,2
434,93625.46437,93825.46437,437609.1319,437809.1319,13,33,0,0
435,93825.46437,94025.46437,437609.1319,437809.1319,14,28,1,0
436,94025.46437,94225.46437,437609.1319,437809.1319,13,51,0,2
437,94225.46437,94425.46437,437609.1319,437809.1319,21,29,0,0
438,94425.46437,94625.46437,437609.1319,437809.1319,41,53,0,0
439,94625.46437,94825.46437,437609.1319,437809.1319,23,43,1,0
440,94825.46437,95025.46437,437609.1319,437809.1319,48,32,2,4
441,95025.46437,95225.46437,437609.1319,437809.1319,11,36,0,0
442,95225.46437,95425.46437,437609.1319,437809.1319,28,42,0,0
443,95425.46437,95625.46437,437609.1319,437809.1319,49,52,0,0
444,95625.46437,95825.46437,437609.1319,437809.1319,11,26,0,0
445,95825.46437,96025.46437,437609.1319,437809.1319,34,39,0,0
446,96025.46437,96225.46437,437609.1319,437809.1319,43,29,0,0
447,96225.46437,96425.46437,437609.1319,437809.1319,49,26,0,0
448,96425.46437,96625.46437,437609.1319,437809.1319,36,39,0,0
452,88225.46437,88425.46437,437409.1319,437609.1319,7,14,0,0
453,88425.46437,88625.46437,437409.1319,437609.1319,16,37,0,0
454,88625.46437,88825.46437,437409.1319,437609.1319,34,30,0,0
455,88825.46437,89025.46437,437409.1319,437609.1319,31,26,0,0
456,89025.46437,89225.46437,437409.1319,437609.1319,45,33,0,0
457,89225.46437,89425.46437,437409.1319,437609.1319,18,40,0,0
458,89425.46437,89625.46437,437409.1319,437609.1319,26,36,0,0
459,89625.46437,89825.46437,437409.1319,437609.1319,24,46,0,0
460,89825.46437,90025.46437,437409.1319,437609.1319,44,22,0,0
461,90025.46437,90225.46437,437409.1319,437609.1319,48,24,0,0
462,90225.46437,90425.46437,437409.1319,437609.1319,26,24,0,0
463,90425.46437,90625.46437,437409.1319,437609.1319,31,36,0,0
464,90625.46437,90825.46437,437409.1319,437609.1319,17,17,0,0
465,90825.46437,91025.46437,437409.1319,437609.1319,22,47,0,0
466,91025.46437,91225.46437,437409.1319,437609.1319,33,29,0,0
467,91225.46437,91425.46437,437409.1319,437609.1319,29,31,0,0
468,91425.46437,91625.46437,437409.1319,437609.1319,19,43,1,0
469,91625.46437,91825.46437,437409.1319,437609.1319,14,33,1,0
470,91825.46437,92025.46437,437409.1319,437609.1319,35,22,0,0
471,92025.46437,92225.46437,437409.1319,437609.1319,42,54,1,3
472,92225.46437,92425.46437,437409.1319,437609.1319,42,54,1,0
473,92425.46437,92625.46437,437409.1319,437609.1319,42,34,0,0
474,92625.46437,92825.46437,437409.1319,437609.1319,25,41,2,3
475,92825.46437,93025.46437,437409.1319,437609.1319,23,17,2,0
476,93025.46437,93225.46437,437409.1319,437609.1319,42,55,0,1
477,93225.46437,93425.46437,437409.1319,437609.1319,33,24,0,1
478,93425.46437,93625.46437,437409.1319,437609.1319,16,24,1,0
479,93625.46437,93825.46437,437409.1319,437609.1319,43,40,2,1
480,93825.46437,94025.46437,437409.1319,437609.1319,43,37,0,0
481,94025.46437,94225.46437,437409.1319,437609.1319,33,49,0,0
482,94225.46437,94425.46437,437409.1319,437609.1319,38,34,0,2
483,94425.46437,94625.46437,437409.1319,437609.1319,42,49,0,0
484,94625.46437,94825.46437,437409.1319,437609.1319,31,34,0,0
485,94825.46437,95025.46437,437409.1319,437609.1319,44,48,0,0
486,95025.46437,95225.46437,437409.1319,437609.1319,42,50,0,0
487,95225.46437,95425.46437,437409.1319,437609.1319,42,32,0,0
488,95425.46437,95625.46437,437409.1319,437609.1319,38,48,0,0
489,95625.46437,95825.46437,437409.1319,437609.1319,46,36,0,0
490,95825.46437,96025.46437,437409.1319,437609.1319,20,30,0,0
491,96025.46437,96225.46437,437409.1319,437609.1319,24,35,0,0
492,96225.46437,96425.46437,437409.1319,437609.1319,23,29,0,0
493,96425.46437,96625.46437,437409.1319,437609.1319,12,41,0,0
497,88225.46437,88425.46437,437209.1319,437409.1319,11,27,0,0
498,88425.46437,88625.46437,437209.1319,437409.1319,23,39,0,0
499,88625.46437,88825.46437,437209.1319,437409.1319,22,26,0,0
500,88825.46437,89025.46437,437209.1319,437409.1319,41,11,0,0
501,89025.46437,89225.46437,437209.1319,437409.1319,34,46,3,2
502,89225.46437,89425.46437,437209.1319,437409.1319,39,21,0,0
503,89425.46437,89625.46437,437209.1319,437409.1319,21,16,0,0
504,89625.46437,89825.46437,437209.1319,437409.1319,33,48,0,0
505,89825.46437,90025.46437,437209.1319,437409.1319,68,22,0,0
506,90025.46437,90225.46437,437209.1319,437409.1319,22,25,0,0
507,90225.46437,90425.46437,437209.1319,437409.1319,50,44,1,0
508,90425.46437,90625.46437,437209.1319,437409.1319,63,14,3,0
509,90625.46437,90825.46437,437209.1319,437409.1319,70,48,0,0
510,90825.46437,91025.46437,437209.1319,437409.1319,69,37,0,0
511,91025.46437,91225.46437,437209.1319,437409.1319,64,37,0,2
512,91225.46437,91425.46437,437209.1319,437409.1319,49,54,2,0
513,91425.46437,91625.46437,437209.1319,437409.1319,43,51,0,2
514,91625.46437,91825.46437,437209.1319,437409.1319,25,17,4,0
515,91825.46437,92025.46437,437209.1319,437409.1319,29,35,4,0
516,92025.46437,92225.46437,437209.1319,437409.1319,56,47,2,2
517,92225.46437,92425.46437,437209.1319,437409.1319,25,46,0,0
518,92425.46437,92625.46437,437209.1319,437409.1319,46,38,1,3
519,92625.46437,92825.46437,437209.1319,437409.1319,42,26,0,0
520,92825.46437,93025.46437,437209.1319,437409.1319,24,37,0,2
521,93025.46437,93225.46437,437209.1319,437409.1319,59,23,3,0
522,93225.46437,93425.46437,437209.1319,437409.1319,56,43,1,0
523,93425.46437,93625.46437,437209.1319,437409.1319,46,23,0,0
524,93625.46437,93825.46437,437209.1319,437409.1319,64,43,1,2
525,93825.46437,94025.46437,437209.1319,437409.1319,25,46,0,0
526,94025.46437,94225.46437,437209.1319,437409.1319,64,55,0,4
527,94225.46437,94425.46437,437209.1319,437409.1319,24,27,0,0
528,94425.46437,94625.46437,437209.1319,437409.1319,33,30,0,0
529,94625.46437,94825.46437,437209.1319,437409.1319,24,48,0,1
530,94825.46437,95025.46437,437209.1319,437409.1319,56,56,0,4
531,95025.46437,95225.46437,437209.1319,437409.1319,49,46,0,0
532,95225.46437,95425.46437,437209.1319,437409.1319,32,28,0,0
533,95425.46437,95625.46437,437209.1319,437409.1319,59,48,0,0
534,95625.46437,95825.46437,437209.1319,437409.1319,43,60,0,0
535,95825.46437,96025.46437,437209.1319,437409.1319,48,30,0,0
536,96025.46437,96225.46437,437209.1319,437409.1319,26,46,1,0
537,96225.46437,96425.46437,437209.1319,437409.1319,44,35,0,0
538,96425.46437,96625.46437,437209.1319,437409.1319,6,61,0,0
541,88025.46437,88225.46437,437009.1319,437209.1319,26,15,0,0
542,88225.46437,88425.46437,437009.1319,437209.1319,34,26,4,0
543,88425.46437,88625.46437,437009.1319,437209.1319,50,18,0,0
544,88625.46437,88825.46437,437009.1319,437209.1319,26,26,1,0
545,88825.46437,89025.46437,437009.1319,437209.1319,54,37,0,0
546,89025.46437,89225.46437,437009.1319,437209.1319,47,44,1,0
547,89225.46437,89425.46437,437009.1319,437209.1319,52,30,0,0
548,89425.46437,89625.46437,437009.1319,437209.1319,35,37,0,0
549,89625.46437,89825.46437,437009.1319,437209.1319,31,48,0,0
550,89825.46437,90025.46437,437009.1319,437209.1319,37,29,0,0
551,90025.46437,90225.46437,437009.1319,437209.1319,27,47,1,0
552,90225.46437,90425.46437,437009.1319,437209.1319,64,31,0,0
553,90425.46437,90625.46437,437009.1319,437209.1319,26,39,0,2
554,90625.46437,90825.46437,437009.1319,437209.1319,25,28,0,0
555,90825.46437,91025.46437,437009.1319,437209.1319,42,37,0,0
556,91025.46437,91225.46437,437009.1319,437209.1319,38,66,0,0
557,91225.46437,91425.46437,437009.1319,437209.1319,55,33,0,0
558,91425.46437,91625.46437,437009.1319,437209.1319,60,61,1,0
559,91625.46437,91825.46437,437009.1319,437209.1319,61,43,1,2
560,91825.46437,92025.46437,437009.1319,437209.1319,44,48,0,0
561,92025.46437,92225.46437,437009.1319,437209.1319,41,39,1,0
562,92225.46437,92425.46437,437009.1319,437209.1319,35,71,1,5
563,92425.46437,92625.46437,437009.1319,437209.1319,61,49,0,0
564,92625.46437,92825.46437,437009.1319,437209.1319,47,48,1,3
565,92825.46437,93025.46437,437009.1319,437209.1319,27,62,0,2
566,93025.46437,93225.46437,437009.1319,437209.1319,63,51,1,0
567,93225.46437,93425.46437,437009.1319,437209.1319,62,41,2,0
568,93425.46437,93625.46437,437009.1319,437209.1319,52,66,0,0
569,93625.46437,93825.46437,437009.1319,437209.1319,36,60,0,2
570,93825.46437,94025.46437,437009.1319,437209.1319,44,41,0,0
571,94025.46437,94225.46437,437009.1319,437209.1319,69,44,0,0
572,94225.46437,94425.46437,437009.1319,437209.1319,26,51,0,0
573,94425.46437,94625.46437,437009.1319,437209.1319,30,49,0,0
574,94625.46437,94825.46437,437009.1319,437209.1319,64,53,0,0
575,94825.46437,95025.46437,437009.1319,437209.1319,70,38,1,0
576,95025.46437,95225.46437,437009.1319,437209.1319,39,58,0,0
577,95225.46437,95425.46437,437009.1319,437209.1319,38,48,0,0
578,95425.46437,95625.46437,437009.1319,437209.1319,60,42,0,0
579,95625.46437,95825.46437,437009.1319,437209.1319,66,55,2,0
580,95825.46437,96025.46437,437009.1319,437209.1319,27,59,2,0
581,96025.46437,96225.46437,437009.1319,437209.1319,57,37,0,0
582,96225.46437,96425.46437,437009.1319,437209.1319,65,61,0,0
586,88025.46437,88225.46437,436809.1319,437009.1319,40,19,0,0
587,88225.46437,88425.46437,436809.1319,437009.1319,24,12,0,0
588,88425.46437,88625.46437,436809.1319,437009.1319,38,17,0,0
589,88625.46437,88825.46437,436809.1319,437009.1319,50,14,0,0
590,88825.46437,89025.46437,436809.1319,437009.1319,13,21,0,0
591,89025.46437,89225.46437,436809.1319,437009.1319,46,31,2,0
592,89225.46437,89425.46437,436809.1319,437009.1319,43,20,1,0
593,89425.46437,89625.46437,436809.1319,437009.1319,49,18,2,0
594,89625.46437,89825.46437,436809.1319,437009.1319,48,31,0,0
595,89825.46437,90025.46437,436809.1319,437009.1319,24,24,0,0
596,90025.46437,90225.46437,436809.1319,437009.1319,24,26,0,0
597,90225.46437,90425.46437,436809.1319,437009.1319,29,45,0,1
598,90425.46437,90625.46437,436809.1319,437009.1319,19,29,0,0
599,90625.46437,90825.46437,436809.1319,437009.1319,22,15,1,0
600,90825.46437,91025.46437,436809.1319,437009.1319,16,58,0,0
601,91025.46437,91225.46437,436809.1319,437009.1319,13,70,0,0
602,91225.46437,91425.46437,436809.1319,437009.1319,22,51,0,0
603,91425.46437,91625.46437,436809.1319,437009.1319,34,47,1,1
604,91625.46437,91825.46437,436809.1319,437009.1319,32,43,0,0
605,91825.46437,92025.46437,436809.1319,437009.1319,49,43,3,0
606,92025.46437,92225.46437,436809.1319,437009.1319,35,51,1,3
607,92225.46437,92425.46437,436809.1319,437009.1319,11,40,0,1
608,92425.46437,92625.46437,436809.1319,437009.1319,42,47,1,0
609,92625.46437,92825.46437,436809.1319,437009.1319,20,71,1,2
610,92825.46437,93025.46437,436809.1319,437009.1319,22,68,2,0
611,93025.46437,93225.46437,436809.1319,437009.1319,18,59,0,0
612,93225.46437,93425.46437,436809.1319,437009.1319,33,61,0,0
613,93425.46437,93625.46437,436809.1319,437009.1319,28,49,0,0
614,93625.46437,93825.46437,436809.1319,437009.1319,18,71,0,0
618,94425.46437,94625.46437,436809.1319,437009.1319,24,61,0,0
619,94625.46437,94825.46437,436809.1319,437009.1319,23,49,0,0
620,94825.46437,95025.46437,436809.1319,437009.1319,23,63,0,0
621,95025.46437,95225.46437,436809.1319,437009.1319,13,52,0,0
622,95225.46437,95425.46437,436809.1319,437009.1319,46,45,0,0
623,95425.46437,95625.46437,436809.1319,437009.1319,28,55,0,0
624,95625.46437,95825.46437,436809.1319,437009.1319,25,50,3,5
625,95825.46437,96025.46437,436809.1319,437009.1319,47,29,4,0
626,96025.46437,96225.46437,436809.1319,437009.1319,45,64,0,0
627,96225.46437,96425.46437,436809.1319,437009.1319,16,32,0,0
630,87825.46437,88025.46437,436609.1319,436809.1319,25,27,0,0
631,88025.46437,88225.46437,436609.1319,436809.1319,21,33,0,0
632,88225.46437,88425.46437,436609.1319,436809.1319,6,21,0,0
633,88425.46437,88625.46437,436609.1319,436809.1319,26,28,0,0
634,88625.46437,88825.46437,436609.1319,436809.1319,14,23,0,0
635,88825.46437,89025.46437,436609.1319,436809.1319,31,44,0,0
636,89025.46437,89225.46437,436609.1319,436809.1319,22,13,0,0
637,89225.46437,89425.46437,436609.1319,436809.1319,25,25,0,0
638,89425.46437,89625.46437,436609.1319,436809.1319,24,47,0,0
639,89625.46437,89825.46437,436609.1319,436809.1319,17,12,0,0
640,89825.46437,90025.46437,436609.1319,436809.1319,44,13,0,0
641,90025.46437,90225.46437,436609.1319,436809.1319,20,10,0,0
642,90225.46437,90425.46437,436609.1319,436809.1319,14,35,0,0
643,90425.46437,90625.46437,436609.1319,436809.1319,18,39,0,2
644,90625.46437,90825.46437,436609.1319,436809.1319,50,15,0,2
645,90825.46437,91025.46437,436609.1319,436809.1319,21,36,0,2
646,91025.46437,91225.46437,436609.1319,436809.1319,19,48,0,0
647,91225.46437,91425.46437,436609.1319,436809.1319,38,60,0,0
648,91425.46437,91625.46437,436609.1319,436809.1319,13,38,0,0
649,91625.46437,91825.46437,436609.1319,436809.1319,19,45,1,2
650,91825.46437,92025.46437,436609.1319,436809.1319,32,48,1,0
651,92025.46437,92225.46437,436609.1319,436809.1319,44,47,2,2
652,92225.46437,92425.46437,436609.1319,436809.1319,22,41,0,1
653,92425.46437,92625.46437,436609.1319,436809.1319,48,69,0,0
654,92625.46437,92825.46437,436609.1319,436809.1319,37,65,1,0
655,92825.46437,93025.46437,436609.1319,436809.1319,35,49,0,0
656,93025.46437,93225.46437,436609.1319,436809.1319,32,57,0,0
657,93225.46437,93425.46437,436609.1319,436809.1319,16,34,0,0
664,94625.46437,94825.46437,436609.1319,436809.1319,22,56,0,0
665,94825.46437,95025.46437,436609.1319,436809.1319,29,55,0,0
666,95025.46437,95225.46437,436609.1319,436809.1319,15,62,0,0
667,95225.46437,95425.46437,436609.1319,436809.1319,43,54,0,0
668,95425.46437,95625.46437,436609.1319,436809.1319,33,63,0,0
669,95625.46437,95825.46437,436609.1319,436809.1319,43,41,2,0
670,95825.46437,96025.46437,436609.1319,436809.1319,16,63,1,0
671,96025.46437,96225.46437,436609.1319,436809.1319,21,52,0,0
672,96225.46437,96425.46437,436609.1319,436809.1319,31,45,0,0
673,96425.46437,96625.46437,436609.1319,436809.1319,40,30,0,0
675,87825.46437,88025.46437,436409.1319,436609.1319,1,41,1,0
676,88025.46437,88225.46437,436409.1319,436609.1319,18,36,0,0
677,88225.46437,88425.46437,436409.1319,436609.1319,8,29,0,0
678,88425.46437,88625.46437,436409.1319,436609.1319,28,46,0,0
679,88625.46437,88825.46437,436409.1319,436609.1319,16,27,0,0
680,88825.46437,89025.46437,436409.1319,436609.1319,17,34,0,0
681,89025.46437,89225.46437,436409.1319,436609.1319,46,26,0,0
682,89225.46437,89425.46437,436409.1319,436609.1319,49,40,0,0
683,89425.46437,89625.46437,436409.1319,436609.1319,49,47,2,0
684,89625.46437,89825.46437,436409.1319,436609.1319,19,38,1,0
685,89825.46437,90025.46437,436409.1319,436609.1319,18,17,2,0
686,90025.46437,90225.46437,436409.1319,436609.1319,40,14,0,0
687,90225.46437,90425.46437,436409.1319,436609.1319,28,18,0,0
688,90425.46437,90625.46437,436409.1319,436609.1319,32,31,0,0
689,90625.46437,90825.46437,436409.1319,436609.1319,41,47,0,2
690,90825.46437,91025.46437,436409.1319,436609.1319,49,45,1,0
691,91025.46437,91225.46437,436409.1319,436609.1319,29,64,1,2
692,91225.46437,91425.46437,436409.1319,436609.1319,30,65,1,0
693,91425.46437,91625.46437,436409.1319,436609.1319,36,37,0,0
694,91625.46437,91825.46437,436409.1319,436609.1319,21,57,2,0
695,91825.46437,92025.46437,436409.1319,436609.1319,41,58,1,0
696,92025.46437,92225.46437,436409.1319,436609.1319,33,49,0,0
697,92225.46437,92425.46437,436409.1319,436609.1319,26,41,1,0
698,92425.46437,92625.46437,436409.1319,436609.1319,40,65,2,2
699,92625.46437,92825.46437,436409.1319,436609.1319,29,49,0,0
700,92825.46437,93025.46437,436409.1319,436609.1319,21,38,0,6
701,93025.46437,93225.46437,436409.1319,436609.1319,27,71,0,0
710,94825.46437,95025.46437,436409.1319,436609.1319,37,47,0,0
711,95025.46437,95225.46437,436409.1319,436609.1319,40,48,0,0
712,95225.46437,95425.46437,436409.1319,436609.1319,31,59,1,0
713,95425.46437,95625.46437,436409.1319,436609.1319,49,55,0,0
714,95625.46437,95825.46437,436409.1319,436609.1319,50,59,0,0
715,95825.46437,96025.46437,436409.1319,436609.1319,30,61,0,0
716,96025.46437,96225.46437,436409.1319,436609.1319,23,26,0,0
717,96225.46437,96425.46437,436409.1319,436609.1319,16,33,0,0
718,96425.46437,96625.46437,436409.1319,436609.1319,28,56,0,0
720,87825.46437,88025.46437,436209.1319,436409.1319,29,40,0,0
721,88025.46437,88225.46437,436209.1319,436409.1319,31,35,0,0
722,88225.46437,88425.46437,436209.1319,436409.1319,22,47,0,0
723,88425.46437,88625.46437,436209.1319,436409.1319,25,30,0,0
724,88625.46437,88825.46437,436209.1319,436409.1319,23,15,0,0
725,88825.46437,89025.46437,436209.1319,436409.1319,36,37,0,0
726,89025.46437,89225.46437,436209.1319,436409.1319,41,17,0,0
727,89225.46437,89425.46437,436209.1319,436409.1319,19,26,0,0
728,89425.46437,89625.46437,436209.1319,436409.1319,23,41,3,0
729,89625.46437,89825.46437,436209.1319,436409.1319,49,36,1,0
730,89825.46437,90025.46437,436209.1319,436409.1319,14,47,0,0
731,90025.46437,90225.46437,436209.1319,436409.1319,48,27,0,1
732,90225.46437,90425.46437,436209.1319,436409.1319,13,17,1,0
733,90425.46437,90625.46437,436209.1319,436409.1319,16,44,1,0
734,90625.46437,90825.46437,436209.1319,436409.1319,36,18,3,1
735,90825.46437,91025.46437,436209.1319,436409.1319,33,38,1,1
736,91025.46437,91225.46437,436209.1319,436409.1319,23,70,0,0
737,91225.46437,91425.46437,436209.1319,436409.1319,24,61,0,2
738,91425.46437,91625.46437,436209.1319,436409.1319,37,60,1,0
739,91625.46437,91825.46437,436209.1319,436409.1319,22,69,0,0
740,91825.46437,92025.46437,436209.1319,436409.1319,45,33,1,0
741,92025.46437,92225.46437,436209.1319,436409.1319,30,55,0,0
742,92225.46437,92425.46437,436209.1319,436409.1319,16,58,1,0
743,92425.46437,92625.46437,436209.1319,436409.1319,11,43,2,0
744,92625.46437,92825.46437,436209.1319,436409.1319,17,64,0,2
745,92825.46437,93025.46437,436209.1319,436409.1319,44,70,1,0
756,95025.46437,95225.46437,436209.1319,436409.1319,33,51,0,0
757,95225.46437,95425.46437,436209.1319,436409.1319,13,39,1,0
758,95425.46437,95625.46437,436209.1319,436409.1319,11,52,0,0
759,95625.46437,95825.46437,436209.1319,436409.1319,45,26,0,0
760,95825.46437,96025.46437,436209.1319,436409.1319,47,41,0,0
761,96025.46437,96225.46437,436209.1319,436409.1319,15,45,0,0
762,96225.46437,96425.46437,436209.1319,436409.1319,18,52,0,0
763,96425.46437,96625.46437,436209.1319,436409.1319,19,42,0,0
765,87825.46437,88025.46437,436009.1319,436209.1319,15,9,0,0
766,88025.46437,88225.46437,436009.1319,436209.1319,18,16,0,0
767,88225.46437,88425.46437,436009.1319,436209.1319,13,42,0,0
768,88425.46437,88625.46437,436009.1319,436209.1319,31,9,0,0
769,88625.46437,88825.46437,436009.1319,436209.1319,23,16,0,0
770,88825.46437,89025.46437,436009.1319,436209.1319,30,17,0,0
771,89025.46437,89225.46437,436009.1319,436209.1319,30,44,0,0
772,89225.46437,89425.46437,436009.1319,436209.1319,16,31,0,0
773,89425.46437,89625.46437,436009.1319,436209.1319,33,48,1,0
774,89625.46437,89825.46437,436009.1319,436209.1319,14,46,0,2
775,89825.46437,90025.46437,436009.1319,436209.1319,16,15,0,0
776,90025.46437,90225.46437,436009.1319,436209.1319,47,17,1,0
777,90225.46437,90425.46437,436009.1319,436209.1319,25,15,3,0
778,90425.46437,90625.46437,436009.1319,436209.1319,20,46,0,0
779,90625.46437,90825.46437,436009.1319,436209.1319,30,21,0,0
780,90825.46437,91025.46437,436009.1319,436209.1319,38,33,0,0
781,91025.46437,91225.46437,436009.1319,436209.1319,49,49,0,0
782,91225.46437,91425.46437,436009.1319,436209.1319,49,70,0,0
783,91425.46437,91625.46437,436009.1319,436209.1319,30,42,1,0
784,91625.46437,91825.46437,436009.1319,436209.1319,33,72,0,0
785,91825.46437,92025.46437,436009.1319,436209.1319,32,45,0,0
786,92025.46437,92225.46437,436009.1319,436209.1319,32,51,0,0
787,92225.46437,92425.46437,436009.1319,436209.1319,27,44,0,0
788,92425.46437,92625.46437,436009.1319,436209.1319,15,33,1,0
789,92625.46437,92825.46437,436009.1319,436209.1319,31,54,0,1
790,92825.46437,93025.46437,436009.1319,436209.1319,18,56,0,0
801,95025.46437,95225.46437,436009.1319,436209.1319,16,49,0,0
802,95225.46437,95425.46437,436009.1319,436209.1319,47,56,0,0
803,95425.46437,95625.46437,436009.1319,436209.1319,40,43,0,0
804,95625.46437,95825.46437,436009.1319,436209.1319,18,58,0,0
805,95825.46437,96025.46437,436009.1319,436209.1319,45,46,0,0
806,96025.46437,96225.46437,436009.1319,436209.1319,13,27,0,0
807,96225.46437,96425.46437,436009.1319,436209.1319,17,25,0,0
808,96425.46437,96625.46437,436009.1319,436209.1319,30,58,0,0
809,96625.46437,96825.46437,436009.1319,436209.1319,3,37,0,0
810,87825.46437,88025.46437,435809.1319,436009.1319,10,24,0,0
811,88025.46437,88225.46437,435809.1319,436009.1319,19,40,0,0
812,88225.46437,88425.46437,435809.1319,436009.1319,32,43,0,0
813,88425.46437,88625.46437,435809.1319,436009.1319,23,38,0,0
814,88625.46437,88825.46437,435809.1319,436009.1319,14,47,0,0
815,88825.46437,89025.46437,435809.1319,436009.1319,28,11,0,0
816,89025.46437,89225.46437,435809.1319,436009.1319,16,38,0,0
817,89225.46437,89425.46437,435809.1319,436009.1319,28,9,0,0
818,89425.46437,89625.46437,435809.1319,436009.1319,50,9,0,0
819,89625.46437,89825.46437,435809.1319,436009.1319,37,20,0,0
820,89825.46437,90025.46437,435809.1319,436009.1319,30,42,1,0
821,90025.46437,90225.46437,435809.1319,436009.1319,40,26,1,0
822,90225.46437,90425.46437,435809.1319,436009.1319,14,17,0,0
823,90425.46437,90625.46437,435809.1319,436009.1319,41,31,0,0
824,90625.46437,90825.46437,435809.1319,436009.1319,37,23,0,2
825,90825.46437,91025.46437,435809.1319,436009.1319,37,62,0,0
826,91025.46437,91225.46437,435809.1319,436009.1319,25,41,1,0
827,91225.46437,91425.46437,435809.1319,436009.1319,32,53,1,0
828,91425.46437,91625.46437,435809.1319,436009.1319,28,53,0,0
829,91625.46437,91825.46437,435809.1319,436009.1319,26,38,0,0
830,91825.46437,92025.46437,435809.1319,436009.1319,26,33,0,0
831,92025.46437,92225.46437,435809.1319,436009.1319,12,60,0,2
832,92225.46437,92425.46437,435809.1319,436009.1319,37,72,1,2
833,92425.46437,92625.46437,435809.1319,436009.1319,14,58,1,0
834,92625.46437,92825.46437,435809.1319,436009.1319,40,52,0,0
847,95225.46437,95425.46437,435809.1319,436009.1319,14,29,0,0
848,95425.46437,95625.46437,435809.1319,436009.1319,50,31,0,0
849,95625.46437,95825.46437,435809.1319,436009.1319,15,56,0,0
850,95825.46437,96025.46437,435809.1319,436009.1319,49,35,0,0
851,96025.46437,96225.46437,435809.1319,436009.1319,19,39,0,0
852,96225.46437,96425.46437,435809.1319,436009.1319,46,45,0,0
853,96425.46437,96625.46437,435809.1319,436009.1319,23,37,0,0
854,96625.46437,96825.46437,435809.1319,436009.1319,10,30,0,0
855,87825.46437,88025.46437,435609.1319,435809.1319,39,34,0,0
856,88025.46437,88225.46437,435609.1319,435809.1319,25,23,0,0
857,88225.46437,88425.46437,435609.1319,435809.1319,7,34,0,0
858,88425.46437,88625.46437,435609.1319,435809.1319,40,31,0,0
859,88625.46437,88825.46437,435609.1319,435809.1319,9,38,0,0
860,88825.46437,89025.46437,435609.1319,435809.1319,35,32,0,0
861,89025.46437,89225.46437,435609.1319,435809.1319,22,27,0,0
862,89225.46437,89425.46437,435609.1319,435809.1319,9,10,0,0
863,89425.46437,89625.46437,435609.1319,435809.1319,13,21,0,0
864,89625.46437,89825.46437,435609.1319,435809.1319,31,42,0,0
865,89825.46437,90025.46437,435609.1319,435809.1319,10,36,0,0
866,90025.46437,90225.46437,435609.1319,435809.1319,26,43,0,0
867,90225.46437,90425.46437,435609.1319,435809.1319,15,22,0,0
868,90425.46437,90625.46437,435609.1319,435809.1319,33,29,0,0
869,90625.46437,90825.46437,435609.1319,435809.1319,19,20,2,0
870,90825.46437,91025.46437,435609.1319,435809.1319,14,62,1,0
871,91025.46437,91225.46437,435609.1319,435809.1319,15,43,4,0
872,91225.46437,91425.46437,435609.1319,435809.1319,13,45,1,0
873,91425.46437,91625.46437,435609.1319,435809.1319,18,63,1,2
874,91625.46437,91825.46437,435609.1319,435809.1319,32,44,0,0
875,91825.46437,92025.46437,435609.1319,435809.1319,26,70,1,0
876,92025.46437,92225.46437,435609.1319,435809.1319,17,62,0,0
877,92225.46437,92425.46437,435609.1319,435809.1319,5,39,0,2
878,92425.46437,92625.46437,435609.1319,435809.1319,3,69,0,0
879,92625.46437,92825.46437,435609.1319,435809.1319,22,71,0,0
892,95225.46437,95425.46437,435609.1319,435809.1319,1,51,0,2
893,95425.46437,95625.46437,435609.1319,435809.1319,16,59,0,0
894,95625.46437,95825.46437,435609.1319,435809.1319,28,25,0,0
895,95825.46437,96025.46437,435609.1319,435809.1319,24,33,0,0
896,96025.46437,96225.46437,435609.1319,435809.1319,12,57,0,0
897,96225.46437,96425.46437,435609.1319,435809.1319,27,34,0,0
898,96425.46437,96625.46437,435609.1319,435809.1319,18,43,0,0
899,96625.46437,96825.46437,435609.1319,435809.1319,2,38,0,0
900,87825.46437,88025.46437,435409.1319,435609.1319,14,13,0,0
901,88025.46437,88225.46437,435409.1319,435609.1319,8,9,0,0
902,88225.46437,88425.46437,435409.1319,435609.1319,13,24,0,0
903,88425.46437,88625.46437,435409.1319,435609.1319,1,40,0,0
904,88625.46437,88825.46437,435409.1319,435609.1319,4,37,0,0
905,88825.46437,89025.46437,435409.1319,435609.1319,35,36,0,0
906,89025.46437,89225.46437,435409.1319,435609.1319,19,36,0,0
907,89225.46437,89425.46437,435409.1319,435609.1319,6,18,0,0
908,89425.46437,89625.46437,435409.1319,435609.1319,7,29,0,0
909,89625.46437,89825.46437,435409.1319,435609.1319,10,18,0,0
910,89825.46437,90025.46437,435409.1319,435609.1319,20,39,0,0
911,90025.46437,90225.46437,435409.1319,435609.1319,5,14,0,0
912,90225.46437,90425.46437,435409.1319,435609.1319,15,48,0,0
913,90425.46437,90625.46437,435409.1319,435609.1319,26,44,0,0
914,90625.46437,90825.46437,435409.1319,435609.1319,31,30,1,0
915,90825.46437,91025.46437,435409.1319,435609.1319,29,40,3,0
916,91025.46437,91225.46437,435409.1319,435609.1319,9,50,1,0
917,91225.46437,91425.46437,435409.1319,435609.1319,18,39,1,0
918,91425.46437,91625.46437,435409.1319,435609.1319,4,44,1,0
919,91625.46437,91825.46437,435409.1319,435609.1319,17,34,1,0
920,91825.46437,92025.46437,435409.1319,435609.1319,20,68,1,0
921,92025.46437,92225.46437,435409.1319,435609.1319,20,63,1,0
922,92225.46437,92425.46437,435409.1319,435609.1319,19,59,0,0
937,95225.46437,95425.46437,435409.1319,435609.1319,39,49,0,0
938,95425.46437,95625.46437,435409.1319,435609.1319,32,56,0,0
939,95625.46437,95825.46437,435409.1319,435609.1319,1,38,0,0
940,95825.46437,96025.46437,435409.1319,435609.1319,37,45,0,0
941,96025.46437,96225.46437,435409.1319,435609.1319,23,40,0,0
942,96225.46437,96425.46437,435409.1319,435609.1319,32,61,0,0
943,96425.46437,96625.46437,435409.1319,435609.1319,20,30,0,0
944,96625.46437,96825.46437,435409.1319,435609.1319,26,40,0,0
945,87825.46437,88025.46437,435209.1319,435409.1319,6,20,0,0
946,88025.46437,88225.46437,435209.1319,435409.1319,2,13,0,0
947,88225.46437,88425.46437,435209.1319,435409.1319,2,43,0,0
954,89625.46437,89825.46437,435209.1319,435409.1319,10,42,0,0
955,89825.46437,90025.46437,435209.1319,435409.1319,12,9,0,0
956,90025.46437,90225.46437,435209.1319,435409.1319,21,37,0,0
957,90225.46437,90425.46437,435209.1319,435409.1319,1,29,0,0
958,90425.46437,90625.46437,435209.1319,435409.1319,40,48,0,0
959,90625.46437,90825.46437,435209.1319,435409.1319,26,35,2,0
960,90825.46437,91025.46437,435209.1319,435409.1319,10,60,0,0
961,91025.46437,91225.46437,435209.1319,435409.1319,30,68,0,4
962,91225.46437,91425.46437,435209.1319,435409.1319,28,61,1,0
963,91425.46437,91625.46437,435209.1319,435409.1319,16,70,0,0
964,91625.46437,91825.46437,435209.1319,435409.1319,14,56,0,0
965,91825.46437,92025.46437,435209.1319,435409.1319,3,69,1,0
966,92025.46437,92225.46437,435209.1319,435409.1319,8,42,0,0
983,95425.46437,95625.46437,435209.1319,435409.1319,38,26,0,0
984,95625.46437,95825.46437,435209.1319,435409.1319,39,38,0,0
985,95825.46437,96025.46437,435209.1319,435409.1319,9,37,0,0
986,96025.46437,96225.46437,435209.1319,435409.1319,5,41,0,0
987,96225.46437,96425.46437,435209.1319,435409.1319,33,49,0,0
1003,90425.46437,90625.46437,435009.1319,435209.1319,36,40,0,0
1004,90625.46437,90825.46437,435009.1319,435209.1319,26,19,0,0
1005,90825.46437,91025.46437,435009.1319,435209.1319,6,46,0,0
1006,91025.46437,91225.46437,435009.1319,435209.1319,9,51,0,1
1007,91225.46437,91425.46437,435009.1319,435209.1319,34,52,0,0
1008,91425.46437,91625.46437,435009.1319,435209.1319,3,58,0,0
1028,95425.46437,95625.46437,435009.1319,435209.1319,21,48,0,0
1029,95625.46437,95825.46437,435009.1319,435209.1319,33,45,0,0
1030,95825.46437,96025.46437,435009.1319,435209.1319,28,42,0,0
1031,96025.46437,96225.46437,435009.1319,435209.1319,15,30,0,0
